"Timestamp","playstation5","เครื่องทำขนมปัง","Ergonomic Wrist Rest","เครื่องอบผ้า","เครื่องชงกาแฟแคปซูล","เก้าอี้ LA-Z-Boy","เครื่องให้อาหารสัตว์อัตโนมัติ","บัตตาเลี่ยน","แก้วเก็บความเย็น","ลู่วิ่งออกกำลังกาย","Kindle","เครื่องซักผ้า","Bluetooth Speaker","ห้องน้ำแมวอัตโนมัติ","PS5","ทรายแมว","ลำโพง pixel","Logitech Mx Master 3 Mouse","ตุ๊กตา ty","น้ำพุแมว","Robot ดูดฝุ่น","Mechanical keyboard","Nintendo switch","หนังสือ python","gaming chair","Deskmat","Dew - ไฟโรเซ่","เทียนหอม jo malone","กระติกน้ำ 2 ลิตร","ที่นอน memory form","พลาสเตอร์บรรเทาปวด ตราเสือ","การ์ดจอ RTX 3080","ขนมจีนน้ำยาปู","Salmon Sashimi","จักรยานเสือหมอบ","ไฟแต่งห้องมินิมอล","External Harddisk","หม้อทอดไร้น้ํามัน","airpods ","ยาดม","ไฟส่องหน้าไลฟ์สด"
"2021/10/17 5:29:58 PM GMT+7","","","","","","","","","","","","","","","","","","","","","","","","","","","","","","","","","","","","","","","","",""
"2021/10/17 5:43:37 PM GMT+7","ไม่เคยซื้อ","ไม่เคยซื้อ","ไม่เคยซื้อ","ไม่เคยซื้อ","ไม่เคยซื้อ","ไม่เคยซื้อ","ไม่เคย","เคยซื้อ","เคยซื้อ","ไม่เคย","ไม่เคย","ไม่เคย","ไม่เคยซื้อ","ไม่","ไม่เคยซื้อ","ไม่เคย","ไม่เคย","ไม่เคยซือ","ไม่เคยซื้อ","ไม่เคย","เคยซื้อ","เคยซื้อ","ไม่เคยซื้อ","ไม่เคยซื้อ","ไม่เคยซื้อ","เคยซื้อ","ไม่เคยซื้อ","ไม่เคยซื้อ","ไม่เคยซื้อ","ไม่เคยซื้อ","ไม่เคยซื้อ","เคยซื้อ","ไม่เคยซื้อ","ไม่เคยซื้อ","ไม่เคยซื้อ","ไม่เคยซื้อ","เคยซื้อ","เคยซื้อ","ไม่เคยซื้อ","ไม่เคยซื้อ","ไม่เคยซื้อ"
"2021/10/17 5:43:40 PM GMT+7","ไม่เคยซื้อ","ไม่เคยซื้อ","ไม่เคยซื้อ","ไม่เคยซื้อ","ไม่เคยซื้อ","ไม่เคยซื้อ","ไม่เคย","ไม่เคยซื้อ","เคยซื้อ","ไม่เคย","ไม่เคย","เคย","ไม่เคยซื้อ","ไม่","ไม่เคยซื้อ","ไม่เคย","ไม่เคย","ไม่เคยซือ","ไม่เคยซื้อ","ไม่เคย","ไม่เคยซื้อ","ไม่เคยซื้อ","ไม่เคยซื้อ","ไม่เคยซื้อ","ไม่เคยซื้อ","ไม่เคยซื้อ","ไม่เคยซื้อ","ไม่เคยซื้อ","เคยซื้อ","ไม่เคยซื้อ","ไม่เคยซื้อ","ไม่เคยซื้อ","ไม่เคยซื้อ","เคยซื้อ","ไม่เคยซื้อ","ไม่เคยซื้อ","เคยซื้อ","เคยซื้อ","ไม่เคยซื้อ","ไม่เคยซื้อ","ไม่เคยซื้อ"
"2021/10/17 5:43:46 PM GMT+7","ไม่เคยซื้อ","ไม่เคยซื้อ","ไม่เคยซื้อ","เคยซื้อ","เคยซื้อ","ไม่เคยซื้อ","ไม่เคย","เคยซื้อ","เคยซื้อ","เคย","ไม่เคย","เคย","เคยซื้อ","ไม่","ไม่เคยซื้อ","ไม่เคย","ไม่เคย","ไม่เคยซือ","ไม่เคยซื้อ","ไม่เคย","เคยซื้อ","เคยซื้อ","ไม่เคยซื้อ","เคยซื้อ","ไม่เคยซื้อ","ไม่เคยซื้อ","ไม่เคยซื้อ","เคยซื้อ","เคยซื้อ","เคยซื้อ","เคยซื้อ","ไม่เคยซื้อ","เคยซื้อ","เคยซื้อ","ไม่เคยซื้อ","เคยซื้อ","เคยซื้อ","เคยซื้อ","เคยซื้อ","เคยซื้อ","เคยซื้อ"
"2021/10/17 5:43:48 PM GMT+7","ไม่เคยซื้อ","ไม่เคยซื้อ","ไม่เคยซื้อ","ไม่เคยซื้อ","ไม่เคยซื้อ","ไม่เคยซื้อ","ไม่เคย","ไม่เคยซื้อ","เคยซื้อ","ไม่เคย","ไม่เคย","ไม่เคย","เคยซื้อ","ไม่","ไม่เคยซื้อ","ไม่เคย","ไม่เคย","ไม่เคยซือ","ไม่เคยซื้อ","ไม่เคย","ไม่เคยซื้อ","เคยซื้อ","ไม่เคยซื้อ","ไม่เคยซื้อ","ไม่เคยซื้อ","ไม่เคยซื้อ","ไม่เคยซื้อ","ไม่เคยซื้อ","ไม่เคยซื้อ","ไม่เคยซื้อ","ไม่เคยซื้อ","ไม่เคยซื้อ","ไม่เคยซื้อ","เคยซื้อ","ไม่เคยซื้อ","ไม่เคยซื้อ","เคยซื้อ","เคยซื้อ","ไม่เคยซื้อ","ไม่เคยซื้อ","ไม่เคยซื้อ"
"2021/10/17 5:43:54 PM GMT+7","ไม่เคยซื้อ","ไม่เคยซื้อ","ไม่เคยซื้อ","เคยซื้อ","ไม่เคยซื้อ","เคยซื้อ","ไม่เคย","เคยซื้อ","เคยซื้อ","ไม่เคย","ไม่เคย","เคย","เคยซื้อ","ไม่","ไม่เคยซื้อ","เคย","ไม่เคย","ไม่เคยซือ","ไม่เคยซื้อ","ไม่เคย","ไม่เคยซื้อ","ไม่เคยซื้อ","ไม่เคยซื้อ","เคยซื้อ","ไม่เคยซื้อ","ไม่เคยซื้อ","ไม่เคยซื้อ","เคยซื้อ","เคยซื้อ","เคยซื้อ","เคยซื้อ","ไม่เคยซื้อ","ไม่เคยซื้อ","เคยซื้อ","เคยซื้อ","ไม่เคยซื้อ","เคยซื้อ","เคยซื้อ","ไม่เคยซื้อ","เคยซื้อ","ไม่เคยซื้อ"
"2021/10/17 5:43:55 PM GMT+7","ไม่เคยซื้อ","ไม่เคยซื้อ","ไม่เคยซื้อ","ไม่เคยซื้อ","ไม่เคยซื้อ","ไม่เคยซื้อ","ไม่เคย","ไม่เคยซื้อ","ไม่เคยซื้อ","ไม่เคย","ไม่เคย","ไม่เคย","เคยซื้อ","ไม่","ไม่เคยซื้อ","ไม่เคย","ไม่เคย","ไม่เคยซือ","ไม่เคยซื้อ","ไม่เคย","ไม่เคยซื้อ","ไม่เคยซื้อ","ไม่เคยซื้อ","เคยซื้อ","ไม่เคยซื้อ","ไม่เคยซื้อ","ไม่เคยซื้อ","ไม่เคยซื้อ","ไม่เคยซื้อ","ไม่เคยซื้อ","ไม่เคยซื้อ","ไม่เคยซื้อ","ไม่เคยซื้อ","เคยซื้อ","ไม่เคยซื้อ","ไม่เคยซื้อ","เคยซื้อ","ไม่เคยซื้อ","ไม่เคยซื้อ","เคยซื้อ","ไม่เคยซื้อ"
"2021/10/17 5:43:57 PM GMT+7","ไม่เคยซื้อ","ไม่เคยซื้อ","ไม่เคยซื้อ","ไม่เคยซื้อ","ไม่เคยซื้อ","ไม่เคยซื้อ","ไม่เคย","ไม่เคยซื้อ","เคยซื้อ","ไม่เคย","ไม่เคย","เคย","เคยซื้อ","ไม่","ไม่เคยซื้อ","เคย","ไม่เคย","ไม่เคยซือ","ไม่เคยซื้อ","เคย","ไม่เคยซื้อ","ไม่เคยซื้อ","","ไม่เคยซื้อ","ไม่เคยซื้อ","ไม่เคยซื้อ","ไม่เคยซื้อ","ไม่เคยซื้อ","ไม่เคยซื้อ","ไม่เคยซื้อ","เคยซื้อ","ไม่เคยซื้อ","เคยซื้อ","เคยซื้อ","ไม่เคยซื้อ","ไม่เคยซื้อ","เคยซื้อ","ไม่เคยซื้อ","ไม่เคยซื้อ","เคยซื้อ","ไม่เคยซื้อ"
"2021/10/17 5:44:05 PM GMT+7","ไม่เคยซื้อ","ไม่เคยซื้อ","ไม่เคยซื้อ","เคยซื้อ","เคยซื้อ","ไม่เคยซื้อ","ไม่เคย","ไม่เคยซื้อ","เคยซื้อ","ไม่เคย","ไม่เคย","เคย","เคยซื้อ","ไม่","ไม่เคยซื้อ","ไม่เคย","ไม่เคย","เคยซื้อ","ไม่เคยซื้อ","ไม่เคย","เคยซื้อ","เคยซื้อ","ไม่เคยซื้อ","ไม่เคยซื้อ","ไม่เคยซื้อ","เคยซื้อ","ไม่เคยซื้อ","ไม่เคยซื้อ","เคยซื้อ","ไม่เคยซื้อ","เคยซื้อ","ไม่เคยซื้อ","เคยซื้อ","เคยซื้อ","ไม่เคยซื้อ","ไม่เคยซื้อ","เคยซื้อ","","เคยซื้อ","เคยซื้อ","เคยซื้อ"
"2021/10/17 5:44:06 PM GMT+7","ไม่เคยซื้อ","ไม่เคยซื้อ","ไม่เคยซื้อ","ไม่เคยซื้อ","ไม่เคยซื้อ","ไม่เคยซื้อ","ไม่เคย","ไม่เคยซื้อ","ไม่เคยซื้อ","เคย","เคย","ไม่เคย","ไม่เคยซื้อ","ไม่","ไม่เคยซื้อ","ไม่เคย","ไม่เคย","ไม่เคยซือ","ไม่เคยซื้อ","ไม่เคย","ไม่เคยซื้อ","ไม่เคยซื้อ","ไม่เคยซื้อ","เคยซื้อ","ไม่เคยซื้อ","เคยซื้อ","ไม่เคยซื้อ","ไม่เคยซื้อ","ไม่เคยซื้อ","ไม่เคยซื้อ","ไม่เคยซื้อ","ไม่เคยซื้อ","ไม่เคยซื้อ","เคยซื้อ","ไม่เคยซื้อ","ไม่เคยซื้อ","ไม่เคยซื้อ","ไม่เคยซื้อ","เคยซื้อ","เคยซื้อ","ไม่เคยซื้อ"
"2021/10/17 5:44:07 PM GMT+7","ไม่เคยซื้อ","ไม่เคยซื้อ","ไม่เคยซื้อ","ไม่เคยซื้อ","ไม่เคยซื้อ","ไม่เคยซื้อ","ไม่เคย","ไม่เคยซื้อ","ไม่เคยซื้อ","ไม่เคย","ไม่เคย","ไม่เคย","ไม่เคยซื้อ","ไม่","ไม่เคยซื้อ","ไม่เคย","ไม่เคย","ไม่เคยซือ","เคยซื้อ","ไม่เคย","ไม่เคยซื้อ","ไม่เคยซื้อ","ไม่เคยซื้อ","เคยซื้อ","ไม่เคยซื้อ","ไม่เคยซื้อ","ไม่เคยซื้อ","ไม่เคยซื้อ","ไม่เคยซื้อ","ไม่เคยซื้อ","ไม่เคยซื้อ","ไม่เคยซื้อ","เคยซื้อ","เคยซื้อ","ไม่เคยซื้อ","ไม่เคยซื้อ","เคยซื้อ","ไม่เคยซื้อ","เคยซื้อ","ไม่เคยซื้อ","ไม่เคยซื้อ"
"2021/10/17 5:44:07 PM GMT+7","ไม่เคยซื้อ","ไม่เคยซื้อ","ไม่เคยซื้อ","ไม่เคยซื้อ","เคยซื้อ","ไม่เคยซื้อ","ไม่เคย","ไม่เคยซื้อ","เคยซื้อ","ไม่เคย","ไม่เคย","ไม่เคย","เคยซื้อ","ไม่","ไม่เคยซื้อ","ไม่เคย","ไม่เคย","ไม่เคยซือ","ไม่เคยซื้อ","ไม่เคย","ไม่เคยซื้อ","ไม่เคยซื้อ","ไม่เคยซื้อ","ไม่เคยซื้อ","","ไม่เคยซื้อ","ไม่เคยซื้อ","ไม่เคยซื้อ","ไม่เคยซื้อ","เคยซื้อ","เคยซื้อ","ไม่เคยซื้อ","เคยซื้อ","เคยซื้อ","ไม่เคยซื้อ","ไม่เคยซื้อ","เคยซื้อ","ไม่เคยซื้อ","เคยซื้อ","เคยซื้อ","ไม่เคยซื้อ"
"2021/10/17 5:44:07 PM GMT+7","ไม่เคยซื้อ","ไม่เคยซื้อ","ไม่เคยซื้อ","ไม่เคยซื้อ","ไม่เคยซื้อ","ไม่เคยซื้อ","ไม่เคย","ไม่เคยซื้อ","ไม่เคยซื้อ","ไม่เคย","ไม่เคย","ไม่เคย","เคยซื้อ","ไม่","ไม่เคยซื้อ","ไม่เคย","ไม่เคย","ไม่เคยซือ","ไม่เคยซื้อ","ไม่เคย","เคยซื้อ","เคยซื้อ","ไม่เคยซื้อ","ไม่เคยซื้อ","เคยซื้อ","ไม่เคยซื้อ","เคยซื้อ","ไม่เคยซื้อ","","ไม่เคยซื้อ","ไม่เคยซื้อ","ไม่เคยซื้อ","เคยซื้อ","เคยซื้อ","ไม่เคยซื้อ","","ไม่เคยซื้อ","ไม่เคยซื้อ","ไม่เคยซื้อ","ไม่เคยซื้อ","เคยซื้อ"
"2021/10/17 5:44:12 PM GMT+7","ไม่เคยซื้อ","ไม่เคยซื้อ","ไม่เคยซื้อ","ไม่เคยซื้อ","ไม่เคยซื้อ","ไม่เคยซื้อ","ไม่เคย","ไม่เคยซื้อ","เคยซื้อ","ไม่เคย","เคย","เคย","เคยซื้อ","ไม่","ไม่เคยซื้อ","ไม่เคย","ไม่เคย","ไม่เคยซือ","ไม่เคยซื้อ","ไม่เคย","เคยซื้อ","เคยซื้อ","ไม่เคยซื้อ","ไม่เคยซื้อ","ไม่เคยซื้อ","เคยซื้อ","ไม่เคยซื้อ","ไม่เคยซื้อ","ไม่เคยซื้อ","ไม่เคยซื้อ","ไม่เคยซื้อ","ไม่เคยซื้อ","เคยซื้อ","เคยซื้อ","ไม่เคยซื้อ","เคยซื้อ","เคยซื้อ","เคยซื้อ","เคยซื้อ","เคยซื้อ","ไม่เคยซื้อ"
"2021/10/17 5:44:15 PM GMT+7","ไม่เคยซื้อ","ไม่เคยซื้อ","ไม่เคยซื้อ","เคยซื้อ","เคยซื้อ","ไม่เคยซื้อ","ไม่เคย","ไม่เคยซื้อ","เคยซื้อ","ไม่เคย","ไม่เคย","เคย","เคยซื้อ","ไม่","ไม่เคยซื้อ","ไม่เคย","ไม่เคย","ไม่เคยซือ","ไม่เคยซื้อ","ไม่เคย","ไม่เคยซื้อ","เคยซื้อ","ไม่เคยซื้อ","ไม่เคยซื้อ","ไม่เคยซื้อ","ไม่เคยซื้อ","ไม่เคยซื้อ","ไม่เคยซื้อ","ไม่เคยซื้อ","ไม่เคยซื้อ","ไม่เคยซื้อ","ไม่เคยซื้อ","ไม่เคยซื้อ","ไม่เคยซื้อ","ไม่เคยซื้อ","ไม่เคยซื้อ","ไม่เคยซื้อ","เคยซื้อ","ไม่เคยซื้อ","เคยซื้อ","ไม่เคยซื้อ"
"2021/10/17 5:44:17 PM GMT+7","ไม่เคยซื้อ","ไม่เคยซื้อ","ไม่เคยซื้อ","เคยซื้อ","ไม่เคยซื้อ","ไม่เคยซื้อ","ไม่เคย","ไม่เคยซื้อ","เคยซื้อ","ไม่เคย","ไม่เคย","เคย","ไม่เคยซื้อ","ไม่","ไม่เคยซื้อ","ไม่เคย","ไม่เคย","ไม่เคยซือ","ไม่เคยซื้อ","ไม่เคย","เคยซื้อ","ไม่เคยซื้อ","เคยซื้อ","เคยซื้อ","ไม่เคยซื้อ","เคยซื้อ","ไม่เคยซื้อ","ไม่เคยซื้อ","เคยซื้อ","ไม่เคยซื้อ","เคยซื้อ","ไม่เคยซื้อ","เคยซื้อ","เคยซื้อ","ไม่เคยซื้อ","ไม่เคยซื้อ","ไม่เคยซื้อ","ไม่เคยซื้อ","ไม่เคยซื้อ","เคยซื้อ","ไม่เคยซื้อ"
"2021/10/17 5:44:17 PM GMT+7","ไม่เคยซื้อ","ไม่เคยซื้อ","เคยซื้อ","ไม่เคยซื้อ","ไม่เคยซื้อ","ไม่เคยซื้อ","ไม่เคย","เคยซื้อ","ไม่เคยซื้อ","ไม่เคย","ไม่เคย","เคย","เคยซื้อ","ไม่","ไม่เคยซื้อ","ไม่เคย","ไม่เคย","ไม่เคยซือ","ไม่เคยซื้อ","ไม่เคย","ไม่เคยซื้อ","","เคยซื้อ","เคยซื้อ","ไม่เคยซื้อ","เคยซื้อ","ไม่เคยซื้อ","ไม่เคยซื้อ","ไม่เคยซื้อ","ไม่เคยซื้อ","เคยซื้อ","ไม่เคยซื้อ","ไม่เคยซื้อ","เคยซื้อ","ไม่เคยซื้อ","ไม่เคยซื้อ","เคยซื้อ","ไม่เคยซื้อ","ไม่เคยซื้อ","เคยซื้อ","ไม่เคยซื้อ"
"2021/10/17 5:44:20 PM GMT+7","ไม่เคยซื้อ","ไม่เคยซื้อ","ไม่เคยซื้อ","ไม่เคยซื้อ","ไม่เคยซื้อ","ไม่เคยซื้อ","ไม่เคย","เคยซื้อ","เคยซื้อ","เคย","ไม่เคย","ไม่เคย","เคยซื้อ","ไม่","ไม่เคยซื้อ","ไม่เคย","ไม่เคย","ไม่เคยซือ","ไม่เคยซื้อ","ไม่เคย","ไม่เคยซื้อ","เคยซื้อ","ไม่เคยซื้อ","เคยซื้อ","ไม่เคยซื้อ","เคยซื้อ","ไม่เคยซื้อ","ไม่เคยซื้อ","ไม่เคยซื้อ","ไม่เคยซื้อ","ไม่เคยซื้อ","ไม่เคยซื้อ","ไม่เคยซื้อ","ไม่เคยซื้อ","ไม่เคยซื้อ","ไม่เคยซื้อ","เคยซื้อ","ไม่เคยซื้อ","ไม่เคยซื้อ","เคยซื้อ","ไม่เคยซื้อ"
"2021/10/17 5:44:22 PM GMT+7","ไม่เคยซื้อ","ไม่เคยซื้อ","ไม่เคยซื้อ","ไม่เคยซื้อ","ไม่เคยซื้อ","ไม่เคยซื้อ","ไม่เคย","ไม่เคยซื้อ","เคยซื้อ","ไม่เคย","ไม่เคย","ไม่เคย","ไม่เคยซื้อ","ไม่","ไม่เคยซื้อ","ไม่เคย","ไม่เคย","ไม่เคยซือ","ไม่เคยซื้อ","ไม่เคย","ไม่เคยซื้อ","เคยซื้อ","ไม่เคยซื้อ","เคยซื้อ","ไม่เคยซื้อ","เคยซื้อ","ไม่เคยซื้อ","ไม่เคยซื้อ","ไม่เคยซื้อ","ไม่เคยซื้อ","เคยซื้อ","ไม่เคยซื้อ","เคยซื้อ","เคยซื้อ","ไม่เคยซื้อ","ไม่เคยซื้อ","เคยซื้อ","ไม่เคยซื้อ","ไม่เคยซื้อ","เคยซื้อ","ไม่เคยซื้อ"
"2021/10/17 5:44:26 PM GMT+7","ไม่เคยซื้อ","ไม่เคยซื้อ","ไม่เคยซื้อ","ไม่เคยซื้อ","ไม่เคยซื้อ","ไม่เคยซื้อ","ไม่เคย","เคยซื้อ","ไม่เคยซื้อ","ไม่เคย","ไม่เคย","ไม่เคย","เคยซื้อ","ไม่","ไม่เคยซื้อ","ไม่เคย","ไม่เคย","ไม่เคยซือ","ไม่เคยซื้อ","ไม่เคย","ไม่เคยซื้อ","ไม่เคยซื้อ","ไม่เคยซื้อ","ไม่เคยซื้อ","ไม่เคยซื้อ","ไม่เคยซื้อ","ไม่เคยซื้อ","ไม่เคยซื้อ","ไม่เคยซื้อ","เคยซื้อ","เคยซื้อ","ไม่เคยซื้อ","เคยซื้อ","เคยซื้อ","ไม่เคยซื้อ","เคยซื้อ","เคยซื้อ","ไม่เคยซื้อ","ไม่เคยซื้อ","เคยซื้อ","ไม่เคยซื้อ"
"2021/10/17 5:44:26 PM GMT+7","ไม่เคยซื้อ","ไม่เคยซื้อ","ไม่เคยซื้อ","ไม่เคยซื้อ","ไม่เคยซื้อ","ไม่เคยซื้อ","ไม่เคย","ไม่เคยซื้อ","ไม่เคยซื้อ","ไม่เคย","ไม่เคย","ไม่เคย","เคยซื้อ","ไม่","ไม่เคยซื้อ","ไม่เคย","ไม่เคย","ไม่เคยซือ","ไม่เคยซื้อ","ไม่เคย","ไม่เคยซื้อ","เคยซื้อ","ไม่เคยซื้อ","เคยซื้อ","ไม่เคยซื้อ","ไม่เคยซื้อ","ไม่เคยซื้อ","ไม่เคยซื้อ","ไม่เคยซื้อ","ไม่เคยซื้อ","ไม่เคยซื้อ","ไม่เคยซื้อ","เคยซื้อ","เคยซื้อ","ไม่เคยซื้อ","ไม่เคยซื้อ","ไม่เคยซื้อ","ไม่เคยซื้อ","ไม่เคยซื้อ","ไม่เคยซื้อ","เคยซื้อ"
"2021/10/17 5:44:27 PM GMT+7","ไม่เคยซื้อ","ไม่เคยซื้อ","ไม่เคยซื้อ","ไม่เคยซื้อ","เคยซื้อ","ไม่เคยซื้อ","ไม่เคย","เคยซื้อ","เคยซื้อ","ไม่เคย","ไม่เคย","เคย","เคยซื้อ","ไม่","ไม่เคยซื้อ","ไม่เคย","ไม่เคย","ไม่เคยซือ","เคยซื้อ","ไม่เคย","ไม่เคยซื้อ","ไม่เคยซื้อ","เคยซื้อ","เคยซื้อ","ไม่เคยซื้อ","ไม่เคยซื้อ","ไม่เคยซื้อ","เคยซื้อ","ไม่เคยซื้อ","ไม่เคยซื้อ","เคยซื้อ","ไม่เคยซื้อ","เคยซื้อ","เคยซื้อ","ไม่เคยซื้อ","ไม่เคยซื้อ","เคยซื้อ","เคยซื้อ","ไม่เคยซื้อ","เคยซื้อ","ไม่เคยซื้อ"
"2021/10/17 5:44:27 PM GMT+7","ไม่เคยซื้อ","ไม่เคยซื้อ","ไม่เคยซื้อ","ไม่เคยซื้อ","ไม่เคยซื้อ","ไม่เคยซื้อ","ไม่เคย","ไม่เคยซื้อ","เคยซื้อ","เคย","ไม่เคย","เคย","เคยซื้อ","ไม่","ไม่เคยซื้อ","ไม่เคย","ไม่เคย","ไม่เคยซือ","ไม่เคยซื้อ","ไม่เคย","เคยซื้อ","เคยซื้อ","เคยซื้อ","เคยซื้อ","ไม่เคยซื้อ","ไม่เคยซื้อ","ไม่เคยซื้อ","ไม่เคยซื้อ","ไม่เคยซื้อ","ไม่เคยซื้อ","เคยซื้อ","ไม่เคยซื้อ","เคยซื้อ","เคยซื้อ","ไม่เคยซื้อ","ไม่เคยซื้อ","เคยซื้อ","เคยซื้อ","เคยซื้อ","เคยซื้อ","ไม่เคยซื้อ"
"2021/10/17 5:44:28 PM GMT+7","ไม่เคยซื้อ","ไม่เคยซื้อ","ไม่เคยซื้อ","ไม่เคยซื้อ","ไม่เคยซื้อ","ไม่เคยซื้อ","ไม่เคย","ไม่เคยซื้อ","เคยซื้อ","เคย","ไม่เคย","เคย","ไม่เคยซื้อ","ไม่","ไม่เคยซื้อ","เคย","ไม่เคย","ไม่เคยซือ","ไม่เคยซื้อ","เคย","ไม่เคยซื้อ","ไม่เคยซื้อ","ไม่เคยซื้อ","ไม่เคยซื้อ","ไม่เคยซื้อ","ไม่เคยซื้อ","ไม่เคยซื้อ","เคยซื้อ","เคยซื้อ","ไม่เคยซื้อ","เคยซื้อ","ไม่เคยซื้อ","เคยซื้อ","เคยซื้อ","เคยซื้อ","ไม่เคยซื้อ","เคยซื้อ","เคยซื้อ","เคยซื้อ","เคยซื้อ","ไม่เคยซื้อ"
"2021/10/17 5:44:30 PM GMT+7","เคยซื้อ","ไม่เคยซื้อ","ไม่เคยซื้อ","ไม่เคยซื้อ","ไม่เคยซื้อ","ไม่เคยซื้อ","ไม่เคย","ไม่เคยซื้อ","เคยซื้อ","ไม่เคย","เคย","ไม่เคย","เคยซื้อ","ไม่","เคยซื้อ","ไม่เคย","ไม่เคย","ไม่เคยซือ","ไม่เคยซื้อ","ไม่เคย","ไม่เคยซื้อ","เคยซื้อ","เคยซื้อ","เคยซื้อ","ไม่เคยซื้อ","ไม่เคยซื้อ","ไม่เคยซื้อ","ไม่เคยซื้อ","ไม่เคยซื้อ","ไม่เคยซื้อ","ไม่เคยซื้อ","ไม่เคยซื้อ","ไม่เคยซื้อ","เคยซื้อ","ไม่เคยซื้อ","ไม่เคยซื้อ","เคยซื้อ","เคยซื้อ","ไม่เคยซื้อ","เคยซื้อ","ไม่เคยซื้อ"
"2021/10/17 5:44:32 PM GMT+7","ไม่เคยซื้อ","ไม่เคยซื้อ","เคยซื้อ","ไม่เคยซื้อ","ไม่เคยซื้อ","ไม่เคยซื้อ","เคย","ไม่เคยซื้อ","เคยซื้อ","ไม่เคย","ไม่เคย","เคย","เคยซื้อ","เคยซื้อ","ไม่เคยซื้อ","เคย","ไม่เคย","เคยซื้อ","ไม่เคยซื้อ","เคย","ไม่เคยซื้อ","เคยซื้อ","ไม่เคยซื้อ","เคยซื้อ","เคยซื้อ","เคยซื้อ","ไม่เคยซื้อ","ไม่เคยซื้อ","เคยซื้อ","ไม่เคยซื้อ","เคยซื้อ","ไม่เคยซื้อ","ไม่เคยซื้อ","เคยซื้อ","เคยซื้อ","เคยซื้อ","เคยซื้อ","เคยซื้อ","เคยซื้อ","เคยซื้อ","เคยซื้อ"
"2021/10/17 5:44:34 PM GMT+7","ไม่เคยซื้อ","ไม่เคยซื้อ","ไม่เคยซื้อ","ไม่เคยซื้อ","เคยซื้อ","ไม่เคยซื้อ","ไม่เคย","ไม่เคยซื้อ","เคยซื้อ","ไม่เคย","ไม่เคย","ไม่เคย","เคยซื้อ","ไม่","ไม่เคยซื้อ","เคย","ไม่เคย","ไม่เคยซือ","ไม่เคยซื้อ","เคย","เคยซื้อ","เคยซื้อ","ไม่เคยซื้อ","ไม่เคยซื้อ","ไม่เคยซื้อ","เคยซื้อ","ไม่เคยซื้อ","ไม่เคยซื้อ","เคยซื้อ","เคยซื้อ","เคยซื้อ","ไม่เคยซื้อ","เคยซื้อ","เคยซื้อ","ไม่เคยซื้อ","ไม่เคยซื้อ","ไม่เคยซื้อ","ไม่เคยซื้อ","ไม่เคยซื้อ","เคยซื้อ","ไม่เคยซื้อ"
"2021/10/17 5:44:36 PM GMT+7","ไม่เคยซื้อ","ไม่เคยซื้อ","ไม่เคยซื้อ","ไม่เคยซื้อ","เคยซื้อ","ไม่เคยซื้อ","ไม่เคย","ไม่เคยซื้อ","ไม่เคยซื้อ","เคย","เคย","ไม่เคย","เคยซื้อ","ไม่","ไม่เคยซื้อ","ไม่เคย","ไม่เคย","ไม่เคยซือ","ไม่เคยซื้อ","ไม่เคย","ไม่เคยซื้อ","ไม่เคยซื้อ","ไม่เคยซื้อ","เคยซื้อ","ไม่เคยซื้อ","ไม่เคยซื้อ","ไม่เคยซื้อ","ไม่เคยซื้อ","ไม่เคยซื้อ","ไม่เคยซื้อ","ไม่เคยซื้อ","ไม่เคยซื้อ","เคยซื้อ","เคยซื้อ","ไม่เคยซื้อ","ไม่เคยซื้อ","เคยซื้อ","ไม่เคยซื้อ","เคยซื้อ","เคยซื้อ","ไม่เคยซื้อ"
"2021/10/17 5:44:37 PM GMT+7","ไม่เคยซื้อ","ไม่เคยซื้อ","ไม่เคยซื้อ","ไม่เคยซื้อ","ไม่เคยซื้อ","ไม่เคยซื้อ","ไม่เคย","เคยซื้อ","ไม่เคยซื้อ","เคย","ไม่เคย","เคย","เคยซื้อ","ไม่","ไม่เคยซื้อ","ไม่เคย","ไม่เคย","ไม่เคยซือ","ไม่เคยซื้อ","ไม่เคย","ไม่เคยซื้อ","เคยซื้อ","ไม่เคยซื้อ","เคยซื้อ","เคยซื้อ","เคยซื้อ","ไม่เคยซื้อ","ไม่เคยซื้อ","ไม่เคยซื้อ","ไม่เคยซื้อ","เคยซื้อ","ไม่เคยซื้อ","เคยซื้อ","เคยซื้อ","ไม่เคยซื้อ","ไม่เคยซื้อ","เคยซื้อ","เคยซื้อ","เคยซื้อ","เคยซื้อ","ไม่เคยซื้อ"
"2021/10/17 5:44:45 PM GMT+7","ไม่เคยซื้อ","เคยซื้อ","ไม่เคยซื้อ","ไม่เคยซื้อ","เคยซื้อ","ไม่เคยซื้อ","ไม่เคย","ไม่เคยซื้อ","เคยซื้อ","ไม่เคย","เคย","เคย","เคยซื้อ","ไม่","ไม่เคยซื้อ","ไม่เคย","ไม่เคย","ไม่เคยซือ","ไม่เคยซื้อ","ไม่เคย","เคยซื้อ","เคยซื้อ","ไม่เคยซื้อ","ไม่เคยซื้อ","เคยซื้อ","ไม่เคยซื้อ","ไม่เคยซื้อ","ไม่เคยซื้อ","เคยซื้อ","ไม่เคยซื้อ","เคยซื้อ","ไม่เคยซื้อ","เคยซื้อ","เคยซื้อ","ไม่เคยซื้อ","เคยซื้อ","เคยซื้อ","เคยซื้อ","เคยซื้อ","เคยซื้อ","เคยซื้อ"
"2021/10/17 5:44:47 PM GMT+7","ไม่เคยซื้อ","ไม่เคยซื้อ","ไม่เคยซื้อ","ไม่เคยซื้อ","เคยซื้อ","เคยซื้อ","ไม่เคย","เคยซื้อ","เคยซื้อ","ไม่เคย","ไม่เคย","เคย","เคยซื้อ","ไม่","ไม่เคยซื้อ","ไม่เคย","ไม่เคย","เคยซื้อ","ไม่เคยซื้อ","ไม่เคย","เคยซื้อ","ไม่เคยซื้อ","ไม่เคยซื้อ","ไม่เคยซื้อ","ไม่เคยซื้อ","เคยซื้อ","ไม่เคยซื้อ","ไม่เคยซื้อ","ไม่เคยซื้อ","เคยซื้อ","เคยซื้อ","ไม่เคยซื้อ","ไม่เคยซื้อ","เคยซื้อ","ไม่เคยซื้อ","เคยซื้อ","เคยซื้อ","เคยซื้อ","เคยซื้อ","เคยซื้อ","ไม่เคยซื้อ"
"2021/10/17 5:44:49 PM GMT+7","ไม่เคยซื้อ","เคยซื้อ","ไม่เคยซื้อ","ไม่เคยซื้อ","เคยซื้อ","ไม่เคยซื้อ","ไม่เคย","ไม่เคยซื้อ","เคยซื้อ","ไม่เคย","เคย","เคย","ไม่เคยซื้อ","ไม่","ไม่เคยซื้อ","ไม่เคย","ไม่เคย","เคยซื้อ","ไม่เคยซื้อ","ไม่เคย","เคยซื้อ","เคยซื้อ","ไม่เคยซื้อ","ไม่เคยซื้อ","ไม่เคยซื้อ","ไม่เคยซื้อ","ไม่เคยซื้อ","ไม่เคยซื้อ","ไม่เคยซื้อ","ไม่เคยซื้อ","เคยซื้อ","ไม่เคยซื้อ","เคยซื้อ","เคยซื้อ","ไม่เคยซื้อ","เคยซื้อ","เคยซื้อ","เคยซื้อ","ไม่เคยซื้อ","เคยซื้อ","ไม่เคยซื้อ"
"2021/10/17 5:44:55 PM GMT+7","ไม่เคยซื้อ","ไม่เคยซื้อ","ไม่เคยซื้อ","เคยซื้อ","ไม่เคยซื้อ","ไม่เคยซื้อ","เคย","เคยซื้อ","เคยซื้อ","เคย","ไม่เคย","เคย","เคยซื้อ","ไม่","ไม่เคยซื้อ","ไม่เคย","ไม่เคย","ไม่เคยซือ","ไม่เคยซื้อ","ไม่เคย","เคยซื้อ","เคยซื้อ","เคยซื้อ","เคยซื้อ","เคยซื้อ","เคยซื้อ","ไม่เคยซื้อ","เคยซื้อ","เคยซื้อ","ไม่เคยซื้อ","เคยซื้อ","ไม่เคยซื้อ","เคยซื้อ","เคยซื้อ","ไม่เคยซื้อ","เคยซื้อ","เคยซื้อ","เคยซื้อ","เคยซื้อ","เคยซื้อ","ไม่เคยซื้อ"
"2021/10/17 5:44:58 PM GMT+7","ไม่เคยซื้อ","ไม่เคยซื้อ","ไม่เคยซื้อ","ไม่เคยซื้อ","ไม่เคยซื้อ","ไม่เคยซื้อ","ไม่เคย","ไม่เคยซื้อ","ไม่เคยซื้อ","ไม่เคย","ไม่เคย","ไม่เคย","ไม่เคยซื้อ","ไม่","ไม่เคยซื้อ","ไม่เคย","ไม่เคย","ไม่เคยซือ","ไม่เคยซื้อ","ไม่เคย","ไม่เคยซื้อ","เคยซื้อ","ไม่เคยซื้อ","ไม่เคยซื้อ","ไม่เคยซื้อ","เคยซื้อ","ไม่เคยซื้อ","ไม่เคยซื้อ","ไม่เคยซื้อ","ไม่เคยซื้อ","เคยซื้อ","ไม่เคยซื้อ","ไม่เคยซื้อ","เคยซื้อ","ไม่เคยซื้อ","ไม่เคยซื้อ","เคยซื้อ","เคยซื้อ","เคยซื้อ","เคยซื้อ","ไม่เคยซื้อ"
"2021/10/17 5:45:00 PM GMT+7","ไม่เคยซื้อ","ไม่เคยซื้อ","ไม่เคยซื้อ","ไม่เคยซื้อ","ไม่เคยซื้อ","ไม่เคยซื้อ","ไม่เคย","ไม่เคยซื้อ","เคยซื้อ","ไม่เคย","ไม่เคย","ไม่เคย","ไม่เคยซื้อ","ไม่","ไม่เคยซื้อ","ไม่เคย","ไม่เคย","ไม่เคยซือ","ไม่เคยซื้อ","ไม่เคย","ไม่เคยซื้อ","ไม่เคยซื้อ","ไม่เคยซื้อ","ไม่เคยซื้อ","ไม่เคยซื้อ","ไม่เคยซื้อ","ไม่เคยซื้อ","ไม่เคยซื้อ","ไม่เคยซื้อ","ไม่เคยซื้อ","เคยซื้อ","ไม่เคยซื้อ","เคยซื้อ","ไม่เคยซื้อ","ไม่เคยซื้อ","ไม่เคยซื้อ","เคยซื้อ","เคยซื้อ","ไม่เคยซื้อ","ไม่เคยซื้อ","ไม่เคยซื้อ"
"2021/10/17 5:45:05 PM GMT+7","ไม่เคยซื้อ","ไม่เคยซื้อ","ไม่เคยซื้อ","ไม่เคยซื้อ","เคยซื้อ","ไม่เคยซื้อ","ไม่เคย","ไม่เคยซื้อ","เคยซื้อ","ไม่เคย","ไม่เคย","เคย","เคยซื้อ","ไม่","ไม่เคยซื้อ","ไม่เคย","ไม่เคย","เคยซื้อ","ไม่เคยซื้อ","ไม่เคย","เคยซื้อ","ไม่เคยซื้อ","ไม่เคยซื้อ","ไม่เคยซื้อ","ไม่เคยซื้อ","ไม่เคยซื้อ","ไม่เคยซื้อ","ไม่เคยซื้อ","ไม่เคยซื้อ","ไม่เคยซื้อ","ไม่เคยซื้อ","ไม่เคยซื้อ","เคยซื้อ","เคยซื้อ","ไม่เคยซื้อ","ไม่เคยซื้อ","เคยซื้อ","เคยซื้อ","ไม่เคยซื้อ","เคยซื้อ","ไม่เคยซื้อ"
"2021/10/17 5:45:05 PM GMT+7","ไม่เคยซื้อ","ไม่เคยซื้อ","ไม่เคยซื้อ","ไม่เคยซื้อ","ไม่เคยซื้อ","ไม่เคยซื้อ","ไม่เคย","ไม่เคยซื้อ","ไม่เคยซื้อ","ไม่เคย","ไม่เคย","เคย","เคยซื้อ","ไม่","ไม่เคยซื้อ","ไม่เคย","ไม่เคย","ไม่เคยซือ","ไม่เคยซื้อ","ไม่เคย","ไม่เคยซื้อ","ไม่เคยซื้อ","ไม่เคยซื้อ","ไม่เคยซื้อ","ไม่เคยซื้อ","เคยซื้อ","ไม่เคยซื้อ","ไม่เคยซื้อ","ไม่เคยซื้อ","ไม่เคยซื้อ","เคยซื้อ","ไม่เคยซื้อ","เคยซื้อ","เคยซื้อ","ไม่เคยซื้อ","ไม่เคยซื้อ","เคยซื้อ","ไม่เคยซื้อ","ไม่เคยซื้อ","เคยซื้อ","ไม่เคยซื้อ"
"2021/10/17 5:45:12 PM GMT+7","ไม่เคยซื้อ","ไม่เคยซื้อ","ไม่เคยซื้อ","ไม่เคยซื้อ","ไม่เคยซื้อ","ไม่เคยซื้อ","ไม่เคย","ไม่เคยซื้อ","เคยซื้อ","ไม่เคย","ไม่เคย","ไม่เคย","ไม่เคยซื้อ","ไม่","ไม่เคยซื้อ","ไม่เคย","ไม่เคย","ไม่เคยซือ","ไม่เคยซื้อ","ไม่เคย","เคยซื้อ","ไม่เคยซื้อ","ไม่เคยซื้อ","ไม่เคยซื้อ","ไม่เคยซื้อ","ไม่เคยซื้อ","ไม่เคยซื้อ","ไม่เคยซื้อ","ไม่เคยซื้อ","ไม่เคยซื้อ","เคยซื้อ","ไม่เคยซื้อ","เคยซื้อ","เคยซื้อ","เคยซื้อ","ไม่เคยซื้อ","เคยซื้อ","ไม่เคยซื้อ","ไม่เคยซื้อ","เคยซื้อ","ไม่เคยซื้อ"
"2021/10/17 5:45:13 PM GMT+7","ไม่เคยซื้อ","ไม่เคยซื้อ","ไม่เคยซื้อ","ไม่เคยซื้อ","ไม่เคยซื้อ","ไม่เคยซื้อ","ไม่เคย","","ไม่เคยซื้อ","ไม่เคย","ไม่เคย","ไม่เคย","เคยซื้อ","ไม่","ไม่เคยซื้อ","ไม่เคย","ไม่เคย","ไม่เคยซือ","เคยซื้อ","ไม่เคย","ไม่เคยซื้อ","ไม่เคยซื้อ","ไม่เคยซื้อ","ไม่เคยซื้อ","ไม่เคยซื้อ","ไม่เคยซื้อ","ไม่เคยซื้อ","เคยซื้อ","ไม่เคยซื้อ","ไม่เคยซื้อ","ไม่เคยซื้อ","ไม่เคยซื้อ","เคยซื้อ","เคยซื้อ","ไม่เคยซื้อ","เคยซื้อ","เคยซื้อ","เคยซื้อ","ไม่เคยซื้อ","เคยซื้อ","ไม่เคยซื้อ"
"2021/10/17 5:45:26 PM GMT+7","ไม่เคยซื้อ","ไม่เคยซื้อ","ไม่เคยซื้อ","ไม่เคยซื้อ","ไม่เคยซื้อ","ไม่เคยซื้อ","ไม่เคย","ไม่เคยซื้อ","เคยซื้อ","ไม่เคย","ไม่เคย","ไม่เคย","เคยซื้อ","ไม่","ไม่เคยซื้อ","ไม่เคย","ไม่เคย","ไม่เคยซือ","ไม่เคยซื้อ","ไม่เคย","ไม่เคยซื้อ","ไม่เคยซื้อ","ไม่เคยซื้อ","ไม่เคยซื้อ","ไม่เคยซื้อ","ไม่เคยซื้อ","ไม่เคยซื้อ","ไม่เคยซื้อ","ไม่เคยซื้อ","ไม่เคยซื้อ","ไม่เคยซื้อ","ไม่เคยซื้อ","เคยซื้อ","เคยซื้อ","ไม่เคยซื้อ","ไม่เคยซื้อ","ไม่เคยซื้อ","ไม่เคยซื้อ","เคยซื้อ","เคยซื้อ","ไม่เคยซื้อ"
"2021/10/17 5:45:39 PM GMT+7","ไม่เคยซื้อ","ไม่เคยซื้อ","ไม่เคยซื้อ","ไม่เคยซื้อ","เคยซื้อ","ไม่เคยซื้อ","ไม่เคย","เคยซื้อ","เคยซื้อ","ไม่เคย","ไม่เคย","ไม่เคย","เคยซื้อ","ไม่","ไม่เคยซื้อ","ไม่เคย","ไม่เคย","ไม่เคยซือ","ไม่เคยซื้อ","ไม่เคย","ไม่เคยซื้อ","เคยซื้อ","ไม่เคยซื้อ","เคยซื้อ","ไม่เคยซื้อ","เคยซื้อ","ไม่เคยซื้อ","ไม่เคยซื้อ","ไม่เคยซื้อ","ไม่เคยซื้อ","ไม่เคยซื้อ","ไม่เคยซื้อ","ไม่เคยซื้อ","เคยซื้อ","ไม่เคยซื้อ","ไม่เคยซื้อ","ไม่เคยซื้อ","เคยซื้อ","ไม่เคยซื้อ","เคยซื้อ","ไม่เคยซื้อ"
"2021/10/17 5:45:49 PM GMT+7","ไม่เคยซื้อ","ไม่เคยซื้อ","ไม่เคยซื้อ","ไม่เคยซื้อ","เคยซื้อ","ไม่เคยซื้อ","ไม่เคย","ไม่เคยซื้อ","เคยซื้อ","ไม่เคย","ไม่เคย","ไม่เคย","ไม่เคยซื้อ","ไม่","ไม่เคยซื้อ","ไม่เคย","ไม่เคย","ไม่เคยซือ","ไม่เคยซื้อ","ไม่เคย","ไม่เคยซื้อ","ไม่เคยซื้อ","ไม่เคยซื้อ","เคยซื้อ","ไม่เคยซื้อ","ไม่เคยซื้อ","ไม่เคยซื้อ","ไม่เคยซื้อ","ไม่เคยซื้อ","ไม่เคยซื้อ","เคยซื้อ","ไม่เคยซื้อ","เคยซื้อ","เคยซื้อ","ไม่เคยซื้อ","ไม่เคยซื้อ","ไม่เคยซื้อ","ไม่เคยซื้อ","เคยซื้อ","เคยซื้อ","ไม่เคยซื้อ"
"2021/10/17 5:46:05 PM GMT+7","ไม่เคยซื้อ","เคยซื้อ","ไม่เคยซื้อ","ไม่เคยซื้อ","เคยซื้อ","ไม่เคยซื้อ","ไม่เคย","ไม่เคยซื้อ","เคยซื้อ","ไม่เคย","เคย","เคย","เคยซื้อ","ไม่","ไม่เคยซื้อ","ไม่เคย","ไม่เคย","ไม่เคยซือ","ไม่เคยซื้อ","ไม่เคย","เคยซื้อ","ไม่เคยซื้อ","ไม่เคยซื้อ","ไม่เคยซื้อ","ไม่เคยซื้อ","ไม่เคยซื้อ","ไม่เคยซื้อ","เคยซื้อ","ไม่เคยซื้อ","ไม่เคยซื้อ","เคยซื้อ","ไม่เคยซื้อ","ไม่เคยซื้อ","ไม่เคยซื้อ","ไม่เคยซื้อ","ไม่เคยซื้อ","เคยซื้อ","เคยซื้อ","เคยซื้อ","เคยซื้อ","ไม่เคยซื้อ"
"2021/10/17 5:46:07 PM GMT+7","ไม่เคยซื้อ","ไม่เคยซื้อ","ไม่เคยซื้อ","ไม่เคยซื้อ","ไม่เคยซื้อ","ไม่เคยซื้อ","ไม่เคย","เคยซื้อ","เคยซื้อ","ไม่เคย","ไม่เคย","เคย","เคยซื้อ","ไม่","ไม่เคยซื้อ","ไม่เคย","ไม่เคย","ไม่เคยซือ","ไม่เคยซื้อ","ไม่เคย","ไม่เคยซื้อ","ไม่เคยซื้อ","ไม่เคยซื้อ","เคยซื้อ","ไม่เคยซื้อ","ไม่เคยซื้อ","เคยซื้อ","ไม่เคยซื้อ","ไม่เคยซื้อ","ไม่เคยซื้อ","ไม่เคยซื้อ","ไม่เคยซื้อ","เคยซื้อ","ไม่เคยซื้อ","ไม่เคยซื้อ","เคยซื้อ","เคยซื้อ","ไม่เคยซื้อ","เคยซื้อ","เคยซื้อ","ไม่เคยซื้อ"
"2021/10/17 5:46:16 PM GMT+7","ไม่เคยซื้อ","ไม่เคยซื้อ","ไม่เคยซื้อ","ไม่เคยซื้อ","เคยซื้อ","ไม่เคยซื้อ","ไม่เคย","ไม่เคยซื้อ","ไม่เคยซื้อ","ไม่เคย","ไม่เคย","เคย","เคยซื้อ","ไม่","ไม่เคยซื้อ","ไม่เคย","เคย","เคยซื้อ","ไม่เคยซื้อ","ไม่เคย","ไม่เคยซื้อ","เคยซื้อ","ไม่เคยซื้อ","เคยซื้อ","ไม่เคยซื้อ","เคยซื้อ","ไม่เคยซื้อ","ไม่เคยซื้อ","ไม่เคยซื้อ","ไม่เคยซื้อ","ไม่เคยซื้อ","ไม่เคยซื้อ","ไม่เคยซื้อ","เคยซื้อ","เคยซื้อ","เคยซื้อ","เคยซื้อ","เคยซื้อ","ไม่เคยซื้อ","เคยซื้อ","ไม่เคยซื้อ"
"2021/10/17 5:46:28 PM GMT+7","ไม่เคยซื้อ","ไม่เคยซื้อ","ไม่เคยซื้อ","ไม่เคยซื้อ","ไม่เคยซื้อ","ไม่เคยซื้อ","ไม่เคย","เคยซื้อ","เคยซื้อ","ไม่เคย","ไม่เคย","เคย","เคยซื้อ","ไม่","ไม่เคยซื้อ","เคย","ไม่เคย","ไม่เคยซือ","ไม่เคยซื้อ","เคย","เคยซื้อ","เคยซื้อ","ไม่เคยซื้อ","เคยซื้อ","ไม่เคยซื้อ","ไม่เคยซื้อ","ไม่เคยซื้อ","ไม่เคยซื้อ","ไม่เคยซื้อ","ไม่เคยซื้อ","ไม่เคยซื้อ","ไม่เคยซื้อ","เคยซื้อ","ไม่เคยซื้อ","ไม่เคยซื้อ","ไม่เคยซื้อ","เคยซื้อ","เคยซื้อ","เคยซื้อ","ไม่เคยซื้อ","ไม่เคยซื้อ"
"2021/10/17 5:46:31 PM GMT+7","ไม่เคยซื้อ","ไม่เคยซื้อ","ไม่เคยซื้อ","ไม่เคยซื้อ","เคยซื้อ","ไม่เคยซื้อ","ไม่เคย","ไม่เคยซื้อ","เคยซื้อ","ไม่เคย","ไม่เคย","ไม่เคย","เคยซื้อ","ไม่","ไม่เคยซื้อ","ไม่เคย","ไม่เคย","ไม่เคยซือ","ไม่เคยซื้อ","ไม่เคย","ไม่เคยซื้อ","เคยซื้อ","ไม่เคยซื้อ","เคยซื้อ","ไม่เคยซื้อ","ไม่เคยซื้อ","ไม่เคยซื้อ","ไม่เคยซื้อ","ไม่เคยซื้อ","ไม่เคยซื้อ","เคยซื้อ","ไม่เคยซื้อ","ไม่เคยซื้อ","เคยซื้อ","ไม่เคยซื้อ","ไม่เคยซื้อ","เคยซื้อ","ไม่เคยซื้อ","เคยซื้อ","เคยซื้อ","ไม่เคยซื้อ"
"2021/10/17 6:00:22 PM GMT+7","ไม่เคยซื้อ","ไม่เคยซื้อ","ไม่เคยซื้อ","ไม่เคยซื้อ","เคยซื้อ","ไม่เคยซื้อ","ไม่เคย","ไม่เคยซื้อ","เคยซื้อ","ไม่เคย","ไม่เคย","เคย","เคยซื้อ","ไม่","ไม่เคยซื้อ","ไม่เคย","ไม่เคย","ไม่เคยซือ","ไม่เคยซื้อ","ไม่เคย","ไม่เคยซื้อ","ไม่เคยซื้อ","ไม่เคยซื้อ","เคยซื้อ","เคยซื้อ","ไม่เคยซื้อ","ไม่เคยซื้อ","ไม่เคยซื้อ","เคยซื้อ","ไม่เคยซื้อ","เคยซื้อ","ไม่เคยซื้อ","เคยซื้อ","เคยซื้อ","ไม่เคยซื้อ","ไม่เคยซื้อ","เคยซื้อ","เคยซื้อ","ไม่เคยซื้อ","เคยซื้อ","ไม่เคยซื้อ"